library,common_features,differentiators,differentiator_strength_0_10,cost_licensing_complexity,implementation_effort,best_fit_use_case,open_source_maturity,enterprise_readiness,interactive_analytics_orientation,reporting_orientation
AG Grid Community / Enterprise,"Virtualized navigation, rich sorting/filtering, grouping/aggregation, complete column controls, selection, editing, export, and serializable state.","Most complete integrated grid stack: multiple row models, visual Advanced Filter builder, server-side grouping/aggregation, master/detail, integrated charts, sparklines, Excel export, and mature accessibility caveat documentation.",10,High — Community/Enterprise split; per-developer commercial licensing; advanced analytics and row models span paid modules.,"Medium — fast feature coverage, but substantial configuration and design suppression are needed to preserve a calm authored-table UX.","Enterprise analytical workbenches, large remote datasets, and teams that value breadth and vendor support over a minimal abstraction.",High,Very high,Very high,High
TanStack Table + TanStack Virtual,"Sorting, filtering, grouping/aggregation, selection, column visibility/order/sizing/pinning, pagination, expansion, and controlled state.","Headless, framework-wide architecture with first-party Solid support; complete ownership of markup, progressive disclosure, field profiling, responsive behavior, accessibility, and product-level state.",8,Low — MIT packages with no commercial feature split.,"Large — the table engine is concise, but the complete UX, keyboard model, export, persistence, virtualization, and recovery layers are product code.","Design-led products with unusual field exploration, custom detail surfaces, product-owned view state, and teams willing to build the interaction system.",Very high,"Medium — high architectural quality, but enterprise controls are application work",High when composed,Very high when composed
MUI X Data Grid,"Virtualization, sorting/filtering, column controls, selection, editing, export, state, theming, and server-side data.","Strong React-native integration, polished built-in controls, Premium grouping/aggregation/pivot/chart integration, and a documented accessibility target.",8,Medium-high — MIT core plus Pro/Premium feature gates and annual per-developer licensing.,Medium in React; large if adopting React only for the grid.,React applications already standardized on MUI that need a polished grid and are comfortable with Pro/Premium licensing.,High,High,High,High
Tabulator,"Virtualized rows, sorting/filtering/grouping, column controls, selection, editing, validation/history, download/export, and state persistence.","Mature MIT, framework-neutral, batteries-included grid with a smaller abstraction and lower lock-in than enterprise suites.",7,Low — MIT.,"Medium — most mechanics are present; field profiling, polished filter composition, saved-view semantics, and custom detail UX remain.",Framework-neutral applications needing a capable OSS grid without adopting a React-specific ecosystem or an enterprise license.,High,Medium,Medium,Medium-high
DataTables + Editor,"Sorting/searching, server-side processing, column visibility/reorder, responsive details, selection, exports, modular filtering, and state persistence.","SearchBuilder + SearchPanes + StateRestore provide unusually strong query-building, facets, and named-state UX in a mature DOM-table ecosystem.",7,Medium — MIT core/extensions plus separately licensed Editor.,Medium — low for classic reporting tables; higher when composing many extensions into one coherent progressive-disclosure UX.,"Report-like tables, existing server-rendered/DOM-table applications, and teams that value mature extensions and named state restoration.",Very high,High,Medium,Very high
Handsontable,"Virtualization, sorting/filtering, complete column manipulation, editing/validation/undo, selection/clipboard, CSV export, persistence, and theming.","Spreadsheet-grade editing, formulas, merged cells, clipboard/range interaction, and validation.",8,High — commercial business-use terms and per-developer tiers.,Medium for spreadsheet UX; large to suppress spreadsheet behavior and replace it with progressive record exploration.,"Editable spreadsheet-like applications, financial models, planning tools, and data-entry grids.",Low for commercial delivery; mature source code,High,Medium,Low-medium
KendoReact Grid,"Virtualization, sorting/filtering/grouping, full column controls, detail rows, editing, selection, exports, controlled state, and theming.","Polished enterprise React suite, advanced filtering, RSC/server patterns, strong support, and broad adjacent components.",8,Medium — free subset plus premium per-developer subscriptions.,Medium in React; large for a Solid/plain-JS codebase.,React enterprise applications standardized on Progress/Telerik components and support.,Low,Very high,High,High
Syncfusion EJ2 Grid,"Virtualization, rich filters, grouping/aggregates, full column controls, detail templates, editing/validation, selection, Excel/PDF, state persistence, and themes.","Very broad suite, Excel-like filtering, lazy grouping, strong export, multi-framework coverage, and an unusually generous but eligibility-bound Community License.",8,High — commercial suite plus organization-size eligibility rules for the free Community License.,"Medium — broad feature coverage; high integration/testing surface for combined virtualization, detail, and editing modes.","Multi-framework enterprise applications that want one vendor for grids, charts, exports, and adjacent controls.",Low,Very high,High,Very high
DevExtreme DataGrid,"Virtual/infinite/server operations, sorting/filtering/grouping/summaries, column controls, master/detail, editing/validation, selection, Excel/PDF, state storage, and themes.","Mature visual FilterBuilder, broad remote-data support, current natural-language grid assistant, rich exports, and explicit accessibility caveat documentation.",9,Medium — commercial per-developer subscription; broad suite included.,"Medium — high capability coverage, but product-state adapters and UX simplification remain necessary.","Enterprise CRUD/analytics applications needing multi-framework support, remote operations, strong filtering, and vendor support.",Low,Very high,Very high,Very high
PrimeReact 11 / PrimeUI successor,"Sorting/filtering, selection, editing, expansion, column interactions, templating, and CSV-oriented table behavior.","Primitive/styled/headless successor architecture and a broad visual component ecosystem, but currently dominated by migration and licensing uncertainty.",7,High — legacy MIT lineage plus new Community eligibility and Commercial keys/pricing.,"Medium technically, high migration risk.",React teams already committed to the Prime ecosystem and willing to pin a specific successor release/license.,"Medium, transitional","Medium, transitional",Medium,Medium-high
Ant Design Table + ProTable,"Sorting/filtering, pagination/virtualization, selection, expandable rows, fixed columns, custom cells, summaries, and editable ProTable workflows.",Schema-driven query forms and request lifecycle in ProTable; strong React design-system integration; MIT licensing.,7,Low — MIT.,"Medium — fast in Ant applications, but advanced table mechanics and product-owned state remain.",React admin/reporting applications already using Ant Design and needing generated search forms.,Very high,Medium-high,Medium,High
Vaadin Grid / Grid Pro,"Virtual scrolling, sorting, selection, column controls, hierarchy/details, custom renderers, and app-managed state.","Web-component delivery with strong Java Flow integration, lazy data providers, Auto Grid/CRUD generation, and enterprise application tooling.",6,Medium — Apache core plus commercial Grid Pro/platform editions.,Medium in Vaadin; large relative to the current repo.,Java enterprise applications and teams standardizing on Vaadin’s full-stack platform.,High,High,Low-medium,Medium
Glide Data Grid,"Virtualized rendering, selection, cell editing, column sizing/freezing, custom cells, and app-controlled state.","Canvas throughput, million-row demonstration, and unusually deep custom cell drawing control.",9,Low — MIT.,"Large — filtering, grouping, export, persistence, detail, accessibility, and recovery are mostly product code.",React applications where extreme rendering density and custom canvas cells dominate over native semantics and turnkey analytics UX.,High,Medium,Medium-low,Low
RevoGrid / RevoGrid Pro,"Row/column virtualization, sorting/filtering, column controls, editing, selection, custom cells, and app-controlled persistence.","Framework-neutral Web Component, strong two-dimensional virtualization, broad wrapper list, and optional Pro analytics without adopting React.",8,Medium — MIT core plus per-developer Pro tiers.,Medium-large — grid mechanics are present; higher-order exploration UX and state/recovery remain.,"Framework-neutral high-density grids, including Solid-adjacent architectures that want a Web Component and optional paid analytics.",Medium-high,Medium-high,High with Pro,Medium
Perspective,"Virtualized data view, sorting/filtering/grouping/aggregation, configurable columns, exportable/serializable views, and theming.","Fast streaming analytic engine, Arrow/WASM/Python stack, pivot/split/aggregate model, and integrated multi-chart plugins.",10,Low — Apache 2.0.,Medium for an analytics workspace; large to reshape into the prototype’s authored table.,"Streaming analytics, pivot-heavy exploration, notebooks, market/telemetry data, and linked chart-grid workspaces.",High,High for analytics,Very high,Low-medium
Bryntum Grid,"Virtual rendering, rich sort/filter/group/summary, full column controls, detail/nested grids, editing, selection, export, state, and themes.","Facet filtering, nested grids, sparklines, broad export formats, polished examples, and strong scheduler-adjacent enterprise ecosystem.",9,Very high — named developer plus SaaS/OEM/customer-organization considerations.,Medium technically; high commercial diligence.,Commercial enterprise grids and applications already using Bryntum’s scheduling/project suite.,None,Very high,High,Very high
Wijmo FlexGrid,"Row/column virtualization, sorting/filtering/grouping, complete column controls, editing, selection, custom cells, export integrations, and app-owned state.","Compact mature API, Excel-like filters, CollectionView integration, two-dimensional virtualization, and broad framework wrappers.",8,Very high — developer seats plus hostname/commercial deployment and custom SaaS/OEM terms.,Medium.,Commercial multi-framework line-of-business applications wanting a compact all-purpose grid and Excel/PDF integration.,None,High,High,High
Retool Table,"Sorting/filtering, column controls, virtualized/server data, detail drawers, editing/validation, selection/actions, downloads, and platform state.","Fastest internal-tool delivery, visual data-source integration, actions/queries, and app-wide composition rather than a standalone component.",7,High — platform plans and user/builder economics rather than a component license.,Small inside Retool; prohibitive migration/lock-in cost for this standalone prototype.,Internal operations tools where platform speed and integrations outweigh source-level control and embeddability.,None,High as a platform,Medium,Medium-high
